fold_id,feature,coefficient
0,sample_avg_pairwise_correlation,-0.05864190021300402
0,sample_condition_number,0.08014045421475909
0,ledoit_wolf_condition_number,-0.018152314059020937
0,rmt_condition_number,-0.05851435630030487
0,ledoit_wolf_to_sample_condition_ratio,-0.03753349564185033
0,rmt_to_sample_condition_ratio,0.09201826932434186
0,trailing_realized_volatility,0.11194726971445647
0,__intercept__,0.13127697545218728
1,sample_avg_pairwise_correlation,-0.04526123482050173
1,sample_condition_number,0.07610598575334163
1,ledoit_wolf_condition_number,-0.053435754605941105
1,rmt_condition_number,-0.041341257410952854
1,ledoit_wolf_to_sample_condition_ratio,-0.026983401111143435
1,rmt_to_sample_condition_ratio,0.06548604646375572
1,trailing_realized_volatility,0.11109192948769553
1,__intercept__,0.12679702853687203
2,sample_avg_pairwise_correlation,-0.04467330650646443
2,sample_condition_number,0.05679225940691055
2,ledoit_wolf_condition_number,-0.03122519668049485
2,rmt_condition_number,-0.04790488147626487
2,ledoit_wolf_to_sample_condition_ratio,-0.034675643998869694
2,rmt_to_sample_condition_ratio,0.07618079192509462
2,trailing_realized_volatility,0.10629322000846224
2,__intercept__,0.12046010298539686
3,sample_avg_pairwise_correlation,-0.032210695920169674
3,sample_condition_number,0.04886290950470255
3,ledoit_wolf_condition_number,-0.030783708158814236
3,rmt_condition_number,-0.05201293275056445
3,ledoit_wolf_to_sample_condition_ratio,-0.0352062009547001
3,rmt_to_sample_condition_ratio,0.08069614841897631
3,trailing_realized_volatility,0.10142213867281757
3,__intercept__,0.11466693199219688
4,sample_avg_pairwise_correlation,-0.005955084615482039
4,sample_condition_number,0.04816507456494748
4,ledoit_wolf_condition_number,-0.051997830129885965
4,rmt_condition_number,-0.06105016547867203
4,ledoit_wolf_to_sample_condition_ratio,-0.02613298345668762
4,rmt_to_sample_condition_ratio,0.0809899087670827
4,trailing_realized_volatility,0.1047754336798779
4,__intercept__,0.109028115137804
5,sample_avg_pairwise_correlation,-0.00314921662384147
5,sample_condition_number,0.048950163522847284
5,ledoit_wolf_condition_number,-0.05563453512917861
5,rmt_condition_number,-0.06155903539959935
5,ledoit_wolf_to_sample_condition_ratio,-0.02451962374506781
5,rmt_to_sample_condition_ratio,0.07756273171834747
5,trailing_realized_volatility,0.1042919677310135
5,__intercept__,0.10392829709588308
6,sample_avg_pairwise_correlation,-0.0025388168758404364
6,sample_condition_number,0.0479370790983623
6,ledoit_wolf_condition_number,-0.05537487579332268
6,rmt_condition_number,-0.062035054480787166
6,ledoit_wolf_to_sample_condition_ratio,-0.02423665803729259
6,rmt_to_sample_condition_ratio,0.0755772976073325
6,trailing_realized_volatility,0.10332505526657387
6,__intercept__,0.09945826780180296
7,sample_avg_pairwise_correlation,-0.002850167871781073
7,sample_condition_number,0.04515153268539677
7,ledoit_wolf_condition_number,-0.05215787509259656
7,rmt_condition_number,-0.0627837920944792
7,ledoit_wolf_to_sample_condition_ratio,-0.024249015572952486
7,rmt_to_sample_condition_ratio,0.0762767096215033
7,trailing_realized_volatility,0.10236678025592041
7,__intercept__,0.09588942851878664
8,sample_avg_pairwise_correlation,-0.00014096862305859126
8,sample_condition_number,0.03836728834075711
8,ledoit_wolf_condition_number,-0.04496783074000588
8,rmt_condition_number,-0.06517089217261225
8,ledoit_wolf_to_sample_condition_ratio,-0.026313842423335024
8,rmt_to_sample_condition_ratio,0.08030800192011767
8,trailing_realized_volatility,0.10052377067304948
8,__intercept__,0.0919744462553573
9,sample_avg_pairwise_correlation,0.005067124900696081
9,sample_condition_number,0.03747299158134713
9,ledoit_wolf_condition_number,-0.041724568191281404
9,rmt_condition_number,-0.0653835409260167
9,ledoit_wolf_to_sample_condition_ratio,-0.027055008908306612
9,rmt_to_sample_condition_ratio,0.08561354944488139
9,trailing_realized_volatility,0.09781720465957935
9,__intercept__,0.08815583093074694
10,sample_avg_pairwise_correlation,0.0027190611442938113
10,sample_condition_number,0.036012209652100065
10,ledoit_wolf_condition_number,-0.04267325153563214
10,rmt_condition_number,-0.06166688236741318
10,ledoit_wolf_to_sample_condition_ratio,-0.0256727249406412
10,rmt_to_sample_condition_ratio,0.07999371736400043
10,trailing_realized_volatility,0.09742949792687038
10,__intercept__,0.08529510315979114
11,sample_avg_pairwise_correlation,-0.0022132994011288772
11,sample_condition_number,0.034689106406402485
11,ledoit_wolf_condition_number,-0.04121622851201464
11,rmt_condition_number,-0.058417178890752555
11,ledoit_wolf_to_sample_condition_ratio,-0.02262065201058442
11,rmt_to_sample_condition_ratio,0.0724374085120467
11,trailing_realized_volatility,0.09652722538331483
11,__intercept__,0.08202015484615917
12,sample_avg_pairwise_correlation,-0.003108377216719974
12,sample_condition_number,0.03413611471237964
12,ledoit_wolf_condition_number,-0.039676388875332334
12,rmt_condition_number,-0.05781654353916926
12,ledoit_wolf_to_sample_condition_ratio,-0.021739590485191532
12,rmt_to_sample_condition_ratio,0.07144924716038893
12,trailing_realized_volatility,0.09719597315309132
12,__intercept__,0.07896363285402597
13,sample_avg_pairwise_correlation,-0.0033548805954197857
13,sample_condition_number,0.03726823748263232
13,ledoit_wolf_condition_number,-0.04347334830966419
13,rmt_condition_number,-0.05441715343325171
13,ledoit_wolf_to_sample_condition_ratio,-0.020609129345524346
13,rmt_to_sample_condition_ratio,0.06784424411570235
13,trailing_realized_volatility,0.09626617486220451
13,__intercept__,0.07758357948404684
14,sample_avg_pairwise_correlation,0.002040733426668948
14,sample_condition_number,-0.011434348146033255
14,ledoit_wolf_condition_number,0.012564747193407343
14,rmt_condition_number,-0.08030985011674087
14,ledoit_wolf_to_sample_condition_ratio,-0.04653768259339108
14,rmt_to_sample_condition_ratio,0.1011075766055484
14,trailing_realized_volatility,0.10014136566164163
14,__intercept__,0.07620974475481378
15,sample_avg_pairwise_correlation,-0.00018588932778029705
15,sample_condition_number,-0.010191840440875653
15,ledoit_wolf_condition_number,0.010068662422551356
15,rmt_condition_number,-0.07355496610838112
15,ledoit_wolf_to_sample_condition_ratio,-0.045719424650685896
15,rmt_to_sample_condition_ratio,0.09382828266504266
15,trailing_realized_volatility,0.09586008386827022
15,__intercept__,0.07438320447114219
16,sample_avg_pairwise_correlation,-0.004695042684834093
16,sample_condition_number,-0.006636502173413502
16,ledoit_wolf_condition_number,0.00558233865038033
16,rmt_condition_number,-0.0603877702160675
16,ledoit_wolf_to_sample_condition_ratio,-0.04091615576797621
16,rmt_to_sample_condition_ratio,0.07940985765845761
16,trailing_realized_volatility,0.08837332792948448
16,__intercept__,0.07235862060923191
17,sample_avg_pairwise_correlation,-0.007526830626155424
17,sample_condition_number,0.00089441572516102
17,ledoit_wolf_condition_number,-0.0035848450286943955
17,rmt_condition_number,-0.04460989354331037
17,ledoit_wolf_to_sample_condition_ratio,-0.03310378994437535
17,rmt_to_sample_condition_ratio,0.06261884117121216
17,trailing_realized_volatility,0.08021758297390692
17,__intercept__,0.07034575291934383
18,sample_avg_pairwise_correlation,-0.00806431688446937
18,sample_condition_number,0.009642673697164284
18,ledoit_wolf_condition_number,-0.011784677276022651
18,rmt_condition_number,-0.03461385624083202
18,ledoit_wolf_to_sample_condition_ratio,-0.026267950730416743
18,rmt_to_sample_condition_ratio,0.05249707428838187
18,trailing_realized_volatility,0.0749009547827506
18,__intercept__,0.06835746134214411
19,sample_avg_pairwise_correlation,-0.008542585114572792
19,sample_condition_number,0.006965384183062012
19,ledoit_wolf_condition_number,-0.010266073151181969
19,rmt_condition_number,-0.031219964319136016
19,ledoit_wolf_to_sample_condition_ratio,-0.025580848866990007
19,rmt_to_sample_condition_ratio,0.04875393410919361
19,trailing_realized_volatility,0.07232834858447225
19,__intercept__,0.06666444704374765
20,sample_avg_pairwise_correlation,-0.0099315364569302
20,sample_condition_number,0.007483260114254815
20,ledoit_wolf_condition_number,-0.010145002603962373
20,rmt_condition_number,-0.030307662884487708
20,ledoit_wolf_to_sample_condition_ratio,-0.023709674085729642
20,rmt_to_sample_condition_ratio,0.04676101707316225
20,trailing_realized_volatility,0.0718143343964471
20,__intercept__,0.0649635314662035
21,sample_avg_pairwise_correlation,-0.011161713743278746
21,sample_condition_number,0.009794612096057758
21,ledoit_wolf_condition_number,-0.0111165540255743
21,rmt_condition_number,-0.02917682619101972
21,ledoit_wolf_to_sample_condition_ratio,-0.021369111408890626
21,rmt_to_sample_condition_ratio,0.04545383509196211
21,trailing_realized_volatility,0.07128357690644477
21,__intercept__,0.0631270564446014
22,sample_avg_pairwise_correlation,-0.011244942640609303
22,sample_condition_number,0.012736993297790924
22,ledoit_wolf_condition_number,-0.013080548693227239
22,rmt_condition_number,-0.028741484160966432
22,ledoit_wolf_to_sample_condition_ratio,-0.019458512209134405
22,rmt_to_sample_condition_ratio,0.04493298497721547
22,trailing_realized_volatility,0.07153065817172244
22,__intercept__,0.06148226860299836
23,sample_avg_pairwise_correlation,-0.009295958549335417
23,sample_condition_number,0.022879146094848563
23,ledoit_wolf_condition_number,-0.021812097256796857
23,rmt_condition_number,-0.02643159883743498
23,ledoit_wolf_to_sample_condition_ratio,-0.011917489734083884
23,rmt_to_sample_condition_ratio,0.04261645605857667
23,trailing_realized_volatility,0.07247139081357663
23,__intercept__,0.060043538008212764
24,sample_avg_pairwise_correlation,-0.007731293038640544
24,sample_condition_number,0.029529969631207343
24,ledoit_wolf_condition_number,-0.02856313344179545
24,rmt_condition_number,-0.024595567127538544
24,ledoit_wolf_to_sample_condition_ratio,-0.00578594772921626
24,rmt_to_sample_condition_ratio,0.03966807001954821
24,trailing_realized_volatility,0.07338832267854181
24,__intercept__,0.058568206017736386
25,sample_avg_pairwise_correlation,-0.007409662361281464
25,sample_condition_number,0.029945018871739316
25,ledoit_wolf_condition_number,-0.0287622708252948
25,rmt_condition_number,-0.024526345504877027
25,ledoit_wolf_to_sample_condition_ratio,-0.005409053288086373
25,rmt_to_sample_condition_ratio,0.03952745063110975
25,trailing_realized_volatility,0.07327211160286994
25,__intercept__,0.0572043504786841
26,sample_avg_pairwise_correlation,-0.007717637674878872
26,sample_condition_number,0.028083989377391337
26,ledoit_wolf_condition_number,-0.027388868525658375
26,rmt_condition_number,-0.02362359111537812
26,ledoit_wolf_to_sample_condition_ratio,-0.0057520325908509435
26,rmt_to_sample_condition_ratio,0.038280685374655135
26,trailing_realized_volatility,0.0724553205486407
26,__intercept__,0.056006066730404626
27,sample_avg_pairwise_correlation,-0.007759153351259974
27,sample_condition_number,0.027554713372306222
27,ledoit_wolf_condition_number,-0.02705654469965362
27,rmt_condition_number,-0.0230992554893217
27,ledoit_wolf_to_sample_condition_ratio,-0.005549109112806231
27,rmt_to_sample_condition_ratio,0.0372689560434701
27,trailing_realized_volatility,0.07172168621553475
27,__intercept__,0.05485973041122439
28,sample_avg_pairwise_correlation,-0.008763107374334188
28,sample_condition_number,0.031797887872002946
28,ledoit_wolf_condition_number,-0.03576227032270463
28,rmt_condition_number,-0.018473547378376563
28,ledoit_wolf_to_sample_condition_ratio,0.0040449348193665495
28,rmt_to_sample_condition_ratio,0.02792074440698795
28,trailing_realized_volatility,0.07098511981425099
28,__intercept__,0.05537098810600845
29,sample_avg_pairwise_correlation,-0.012719487801512924
29,sample_condition_number,-0.011975030830018241
29,ledoit_wolf_condition_number,0.0026191883466814983
29,rmt_condition_number,-0.01797673606279942
29,ledoit_wolf_to_sample_condition_ratio,-0.01494410955937388
29,rmt_to_sample_condition_ratio,0.025757843213415357
29,trailing_realized_volatility,0.06669547001590592
29,__intercept__,0.055158028787640596
30,sample_avg_pairwise_correlation,-0.012084223841795366
30,sample_condition_number,-0.006461784865669196
30,ledoit_wolf_condition_number,-0.0011916028729916214
30,rmt_condition_number,-0.018117594092051575
30,ledoit_wolf_to_sample_condition_ratio,-0.012939055181822404
30,rmt_to_sample_condition_ratio,0.02717958336047712
30,trailing_realized_volatility,0.06546613845039499
30,__intercept__,0.05502055730001429
31,sample_avg_pairwise_correlation,-0.01204164389470867
31,sample_condition_number,-0.006297219149322141
31,ledoit_wolf_condition_number,-0.0014476495684645708
31,rmt_condition_number,-0.017794153219582567
31,ledoit_wolf_to_sample_condition_ratio,-0.012824793530248872
31,rmt_to_sample_condition_ratio,0.026991603979712137
31,trailing_realized_volatility,0.06469969072587012
31,__intercept__,0.05486124553705057
32,sample_avg_pairwise_correlation,-0.012356562395272958
32,sample_condition_number,-0.007189025204504904
32,ledoit_wolf_condition_number,-0.0003067342106029666
32,rmt_condition_number,-0.01753332165555445
32,ledoit_wolf_to_sample_condition_ratio,-0.013151077752121364
32,rmt_to_sample_condition_ratio,0.026639337608265614
32,trailing_realized_volatility,0.0637467802244554
32,__intercept__,0.0546852634741995
33,sample_avg_pairwise_correlation,-0.012146884688458412
33,sample_condition_number,-0.006669656735580093
33,ledoit_wolf_condition_number,-0.0006384818609828743
33,rmt_condition_number,-0.017578016105044343
33,ledoit_wolf_to_sample_condition_ratio,-0.012929360636734017
33,rmt_to_sample_condition_ratio,0.026993901940405296
33,trailing_realized_volatility,0.06306689348136767
33,__intercept__,0.053802092711724085
34,sample_avg_pairwise_correlation,-0.00980337703864481
34,sample_condition_number,0.00046368609050522874
34,ledoit_wolf_condition_number,-0.0021418835078548643
34,rmt_condition_number,-0.019008197384285424
34,ledoit_wolf_to_sample_condition_ratio,-0.011512735512305465
34,rmt_to_sample_condition_ratio,0.03158324247421665
34,trailing_realized_volatility,0.061422420543494075
34,__intercept__,0.05275776074141274
35,sample_avg_pairwise_correlation,-0.008312734078628538
35,sample_condition_number,0.0035441527854149593
35,ledoit_wolf_condition_number,-0.004422874692694141
35,rmt_condition_number,-0.018126770069743423
35,ledoit_wolf_to_sample_condition_ratio,-0.010683852500713187
35,rmt_to_sample_condition_ratio,0.0318321603470972
35,trailing_realized_volatility,0.060693506949470656
35,__intercept__,0.05181948715618176
36,sample_avg_pairwise_correlation,-0.00806703662278533
36,sample_condition_number,0.004643512501261906
36,ledoit_wolf_condition_number,-0.004908034771429153
36,rmt_condition_number,-0.018010623007671686
36,ledoit_wolf_to_sample_condition_ratio,-0.009730348937672401
36,rmt_to_sample_condition_ratio,0.031696377597745046
36,trailing_realized_volatility,0.06053615185307644
36,__intercept__,0.05095445819770168
37,sample_avg_pairwise_correlation,-0.007832537889883237
37,sample_condition_number,0.005591305028455948
37,ledoit_wolf_condition_number,-0.005233185730899519
37,rmt_condition_number,-0.017923422808595824
37,ledoit_wolf_to_sample_condition_ratio,-0.009015126282634137
37,rmt_to_sample_condition_ratio,0.031718172688240245
37,trailing_realized_volatility,0.06027531361755019
37,__intercept__,0.050105289938607585
38,sample_avg_pairwise_correlation,-0.00787033069907662
38,sample_condition_number,0.005167905918716008
38,ledoit_wolf_condition_number,-0.005116844938560042
38,rmt_condition_number,-0.01767478491828386
38,ledoit_wolf_to_sample_condition_ratio,-0.009140985114224884
38,rmt_to_sample_condition_ratio,0.03116493116064905
38,trailing_realized_volatility,0.059909596055915906
38,__intercept__,0.04938163967734134
39,sample_avg_pairwise_correlation,-0.007918273674753907
39,sample_condition_number,0.004906347162853382
39,ledoit_wolf_condition_number,-0.005015694740014976
39,rmt_condition_number,-0.01742437762775045
39,ledoit_wolf_to_sample_condition_ratio,-0.009132843139526692
39,rmt_to_sample_condition_ratio,0.030724638394183462
39,trailing_realized_volatility,0.059444170343970114
39,__intercept__,0.04873189805704642
40,sample_avg_pairwise_correlation,-0.007522809358011325
40,sample_condition_number,0.005711596855125716
40,ledoit_wolf_condition_number,-0.0051745529797979474
40,rmt_condition_number,-0.017744150841499048
40,ledoit_wolf_to_sample_condition_ratio,-0.008881760396361139
40,rmt_to_sample_condition_ratio,0.03126638054235672
40,trailing_realized_volatility,0.05912313496780481
40,__intercept__,0.04793211253313339
41,sample_avg_pairwise_correlation,-0.0075060615250945595
41,sample_condition_number,0.005544587863821734
41,ledoit_wolf_condition_number,-0.005106730578412188
41,rmt_condition_number,-0.017506093710230822
41,ledoit_wolf_to_sample_condition_ratio,-0.008888065615580523
41,rmt_to_sample_condition_ratio,0.030877772542315947
41,trailing_realized_volatility,0.05887026509211293
41,__intercept__,0.04712912950912921
42,sample_avg_pairwise_correlation,-0.007380700389673443
42,sample_condition_number,0.005327388996941087
42,ledoit_wolf_condition_number,-0.004960860505511378
42,rmt_condition_number,-0.017239505675571046
42,ledoit_wolf_to_sample_condition_ratio,-0.008949363624594864
42,rmt_to_sample_condition_ratio,0.030678185755211747
42,trailing_realized_volatility,0.05859187964586262
42,__intercept__,0.046359366569510486
43,sample_avg_pairwise_correlation,-0.007408877815472849
43,sample_condition_number,0.005093604547805741
43,ledoit_wolf_condition_number,-0.004888492180574568
43,rmt_condition_number,-0.016958129693785524
43,ledoit_wolf_to_sample_condition_ratio,-0.008997777633039081
43,rmt_to_sample_condition_ratio,0.03018226498704373
43,trailing_realized_volatility,0.058478335042228
43,__intercept__,0.045648304243768714
44,sample_avg_pairwise_correlation,-0.008291543463098858
44,sample_condition_number,0.0025343589143806827
44,ledoit_wolf_condition_number,-0.004546220345130753
44,rmt_condition_number,-0.01496415203477033
44,ledoit_wolf_to_sample_condition_ratio,-0.009459642729999558
44,rmt_to_sample_condition_ratio,0.027070355744120953
44,trailing_realized_volatility,0.058555198813645404
44,__intercept__,0.04492261173801076
45,sample_avg_pairwise_correlation,-0.00949520168945041
45,sample_condition_number,-0.0020118688820533236
45,ledoit_wolf_condition_number,-0.00370284070230638
45,rmt_condition_number,-0.012047938864807997
45,ledoit_wolf_to_sample_condition_ratio,-0.010668414134505972
45,rmt_to_sample_condition_ratio,0.022738912594793628
45,trailing_realized_volatility,0.05876570929735345
45,__intercept__,0.04423233217157884
46,sample_avg_pairwise_correlation,-0.010310668909470019
46,sample_condition_number,-0.004136058040816776
46,ledoit_wolf_condition_number,-0.004894596121950864
46,rmt_condition_number,-0.00919244547064884
46,ledoit_wolf_to_sample_condition_ratio,-0.009324753828264675
46,rmt_to_sample_condition_ratio,0.01791821379150737
46,trailing_realized_volatility,0.05903150363448666
46,__intercept__,0.043524882432479615
47,sample_avg_pairwise_correlation,-0.01116939473000531
47,sample_condition_number,-0.007301629916519383
47,ledoit_wolf_condition_number,-0.006528722067592923
47,rmt_condition_number,-0.004887445818085428
47,ledoit_wolf_to_sample_condition_ratio,-0.007380942848950661
47,rmt_to_sample_condition_ratio,0.011050325694284454
47,trailing_realized_volatility,0.059290508496481216
47,__intercept__,0.04284632188225998
48,sample_avg_pairwise_correlation,-0.01112014901769163
48,sample_condition_number,-0.007190421834400294
48,ledoit_wolf_condition_number,-0.007763637832912777
48,rmt_condition_number,-0.0037254696137012265
48,ledoit_wolf_to_sample_condition_ratio,-0.0059615386875446885
48,rmt_to_sample_condition_ratio,0.008999917945819657
48,trailing_realized_volatility,0.059498977868235735
48,__intercept__,0.0423222470333408
49,sample_avg_pairwise_correlation,-0.01176070368890789
49,sample_condition_number,-0.006231797267619883
49,ledoit_wolf_condition_number,-0.009045181321205133
49,rmt_condition_number,-0.00419431322517261
49,ledoit_wolf_to_sample_condition_ratio,-0.0029116150140049207
49,rmt_to_sample_condition_ratio,0.006241117056392745
49,trailing_realized_volatility,0.05932555347344289
49,__intercept__,0.04177506160360376
50,sample_avg_pairwise_correlation,-0.011952616294313264
50,sample_condition_number,-0.0062833591204816885
50,ledoit_wolf_condition_number,-0.009140813527332266
50,rmt_condition_number,-0.004972482100087919
50,ledoit_wolf_to_sample_condition_ratio,-0.002759187796293382
50,rmt_to_sample_condition_ratio,0.0059621921824967224
50,trailing_realized_volatility,0.059081134615190795
50,__intercept__,0.0413827253276034
51,sample_avg_pairwise_correlation,-0.012363001748027692
51,sample_condition_number,-0.006632486533616311
51,ledoit_wolf_condition_number,-0.008603821924033129
51,rmt_condition_number,-0.004749762202488988
51,ledoit_wolf_to_sample_condition_ratio,-0.002810112260361642
51,rmt_to_sample_condition_ratio,0.005936176469170894
51,trailing_realized_volatility,0.05843948424281079
51,__intercept__,0.04101274811020396
52,sample_avg_pairwise_correlation,-0.012957739764897863
52,sample_condition_number,-0.006661829085138147
52,ledoit_wolf_condition_number,-0.008227913017828688
52,rmt_condition_number,-0.004406300005505053
52,ledoit_wolf_to_sample_condition_ratio,-0.0025277852448289903
52,rmt_to_sample_condition_ratio,0.005921356631773933
52,trailing_realized_volatility,0.05771987682437398
52,__intercept__,0.04048120818135868
53,sample_avg_pairwise_correlation,-0.012957810297158883
53,sample_condition_number,-0.007097132970289013
53,ledoit_wolf_condition_number,-0.008222314200367297
53,rmt_condition_number,-0.004751770424803462
53,ledoit_wolf_to_sample_condition_ratio,-0.003092402676719536
53,rmt_to_sample_condition_ratio,0.005831881970860679
53,trailing_realized_volatility,0.05759173165468361
53,__intercept__,0.04002582442185666
54,sample_avg_pairwise_correlation,-0.013018506145212619
54,sample_condition_number,-0.0065820380218157785
54,ledoit_wolf_condition_number,-0.008476497147390143
54,rmt_condition_number,-0.004693422931738706
54,ledoit_wolf_to_sample_condition_ratio,-0.0027374628968188743
54,rmt_to_sample_condition_ratio,0.005981649848762569
54,trailing_realized_volatility,0.057204404810646044
54,__intercept__,0.039572321825138215
55,sample_avg_pairwise_correlation,-0.013090119813518526
55,sample_condition_number,-0.006051655959624173
55,ledoit_wolf_condition_number,-0.00885880066071018
55,rmt_condition_number,-0.004369224722831125
55,ledoit_wolf_to_sample_condition_ratio,-0.0021633568689201584
55,rmt_to_sample_condition_ratio,0.005774044629808821
55,trailing_realized_volatility,0.0568155290880723
55,__intercept__,0.039083631923739065
56,sample_avg_pairwise_correlation,-0.013150247413521122
56,sample_condition_number,-0.006026479638061055
56,ledoit_wolf_condition_number,-0.008924863830326193
56,rmt_condition_number,-0.004303813390209136
56,ledoit_wolf_to_sample_condition_ratio,-0.0021186492701039407
56,rmt_to_sample_condition_ratio,0.005696197485666101
56,trailing_realized_volatility,0.05658120052996818
56,__intercept__,0.03861502634547257
57,sample_avg_pairwise_correlation,-0.01319281257156574
57,sample_condition_number,-0.005999506176442251
57,ledoit_wolf_condition_number,-0.008935913937423169
57,rmt_condition_number,-0.004308070839452634
57,ledoit_wolf_to_sample_condition_ratio,-0.0021394378253134457
57,rmt_to_sample_condition_ratio,0.005742215899634637
57,trailing_realized_volatility,0.05633657792111901
57,__intercept__,0.038140294306010604
58,sample_avg_pairwise_correlation,-0.013088618182446663
58,sample_condition_number,-0.005956179861179398
58,ledoit_wolf_condition_number,-0.0089198058179778
58,rmt_condition_number,-0.004326050411306913
58,ledoit_wolf_to_sample_condition_ratio,-0.002196986052514654
58,rmt_to_sample_condition_ratio,0.005833066761025366
58,trailing_realized_volatility,0.056129819853292136
58,__intercept__,0.03771732075176843
59,sample_avg_pairwise_correlation,-0.013010338014056691
59,sample_condition_number,-0.005861720175462454
59,ledoit_wolf_condition_number,-0.00906337272504036
59,rmt_condition_number,-0.0042926338754988615
59,ledoit_wolf_to_sample_condition_ratio,-0.002058302066306804
59,rmt_to_sample_condition_ratio,0.005619897198468006
59,trailing_realized_volatility,0.05583981731952605
59,__intercept__,0.03725115217218441
60,sample_avg_pairwise_correlation,-0.013065420484066637
60,sample_condition_number,-0.0059358015423584655
60,ledoit_wolf_condition_number,-0.009218226264897272
60,rmt_condition_number,-0.0038826341382678146
60,ledoit_wolf_to_sample_condition_ratio,-0.0019128130416018628
60,rmt_to_sample_condition_ratio,0.005140142289235696
60,trailing_realized_volatility,0.05555541835608791
60,__intercept__,0.03681378302860686
61,sample_avg_pairwise_correlation,-0.012906449501743822
61,sample_condition_number,-0.005709093859949106
61,ledoit_wolf_condition_number,-0.009113638219309723
61,rmt_condition_number,-0.004341357731390335
61,ledoit_wolf_to_sample_condition_ratio,-0.001898598354030542
61,rmt_to_sample_condition_ratio,0.005501333522220847
61,trailing_realized_volatility,0.055475748226994054
61,__intercept__,0.03635314562645229
62,sample_avg_pairwise_correlation,-0.012502117826286538
62,sample_condition_number,-0.0048983320590144
62,ledoit_wolf_condition_number,-0.009588097394360189
62,rmt_condition_number,-0.004707917740496807
62,ledoit_wolf_to_sample_condition_ratio,-0.0013204549598966162
62,rmt_to_sample_condition_ratio,0.005847206235358924
62,trailing_realized_volatility,0.05568110747227097
62,__intercept__,0.0358969651109717
63,sample_avg_pairwise_correlation,-0.012161473080628758
63,sample_condition_number,-0.00417007132045692
63,ledoit_wolf_condition_number,-0.00999409705818681
63,rmt_condition_number,-0.005096691235470448
63,ledoit_wolf_to_sample_condition_ratio,-0.000787403687664373
63,rmt_to_sample_condition_ratio,0.006207626224481639
63,trailing_realized_volatility,0.055905471063058536
63,__intercept__,0.03544866927594125
64,sample_avg_pairwise_correlation,-0.011551495536483082
64,sample_condition_number,-0.003192191224423354
64,ledoit_wolf_condition_number,-0.012118561066219653
64,rmt_condition_number,-0.0035282166816174502
64,ledoit_wolf_to_sample_condition_ratio,0.0013944283713190038
64,rmt_to_sample_condition_ratio,0.004423075926544398
64,trailing_realized_volatility,0.05622167521471399
64,__intercept__,0.03504885667495378
65,sample_avg_pairwise_correlation,-0.011134710536712899
65,sample_condition_number,-0.0024815931226718803
65,ledoit_wolf_condition_number,-0.0134080565455465
65,rmt_condition_number,-0.0023141550408643566
65,ledoit_wolf_to_sample_condition_ratio,0.0028136325036965445
65,rmt_to_sample_condition_ratio,0.0032482034682564677
65,trailing_realized_volatility,0.05613969465947146
65,__intercept__,0.03464319217832866
66,sample_avg_pairwise_correlation,-0.011034027114081319
66,sample_condition_number,-0.0025620448786919515
66,ledoit_wolf_condition_number,-0.013662373103015234
66,rmt_condition_number,-0.0017863478945152969
66,ledoit_wolf_to_sample_condition_ratio,0.003063490069741332
66,rmt_to_sample_condition_ratio,0.002666012246161031
66,trailing_realized_volatility,0.056068448630925694
66,__intercept__,0.03431350590118954
67,sample_avg_pairwise_correlation,-0.010917560383469756
67,sample_condition_number,-0.003938471844711788
67,ledoit_wolf_condition_number,-0.011890064258329981
67,rmt_condition_number,-0.0015371801934243442
67,ledoit_wolf_to_sample_condition_ratio,0.0015376975683594162
67,rmt_to_sample_condition_ratio,0.0026711747856284014
67,trailing_realized_volatility,0.05582068018107605
67,__intercept__,0.03394843118808834
68,sample_avg_pairwise_correlation,-0.01057599451463549
68,sample_condition_number,-0.0042733968349418835
68,ledoit_wolf_condition_number,-0.011133062582596737
68,rmt_condition_number,-0.0014071920867240188
68,ledoit_wolf_to_sample_condition_ratio,0.0009315593588323127
68,rmt_to_sample_condition_ratio,0.0029654104916323467
68,trailing_realized_volatility,0.05572234967897991
68,__intercept__,0.03361505129449356
69,sample_avg_pairwise_correlation,-0.00990189667747975
69,sample_condition_number,-0.0034100811208766886
69,ledoit_wolf_condition_number,-0.01072146633337369
69,rmt_condition_number,-0.0018319887183896122
69,ledoit_wolf_to_sample_condition_ratio,0.0007254717444967756
69,rmt_to_sample_condition_ratio,0.0044048867044561716
69,trailing_realized_volatility,0.05553563806498746
69,__intercept__,0.033294496807221234
70,sample_avg_pairwise_correlation,-0.009167976753932518
70,sample_condition_number,-0.0020848975381960217
70,ledoit_wolf_condition_number,-0.010907831685756706
70,rmt_condition_number,-0.0021962668014363597
70,ledoit_wolf_to_sample_condition_ratio,0.0011013496674717057
70,rmt_to_sample_condition_ratio,0.005783741853101136
70,trailing_realized_volatility,0.0553634734541704
70,__intercept__,0.03296819895737642
71,sample_avg_pairwise_correlation,-0.008882218382848693
71,sample_condition_number,-0.0015243385669907867
71,ledoit_wolf_condition_number,-0.011045213242681418
71,rmt_condition_number,-0.002318365257349174
71,ledoit_wolf_to_sample_condition_ratio,0.0013209551891347844
71,rmt_to_sample_condition_ratio,0.006297272761459684
71,trailing_realized_volatility,0.05519190267234093
71,__intercept__,0.03270293903525879
72,sample_avg_pairwise_correlation,-0.008616454896041176
72,sample_condition_number,-0.0008557799170550311
72,ledoit_wolf_condition_number,-0.011290108527758786
72,rmt_condition_number,-0.0022201792167616764
72,ledoit_wolf_to_sample_condition_ratio,0.001748107707376998
72,rmt_to_sample_condition_ratio,0.006533080745427191
72,trailing_realized_volatility,0.054857965705295525
72,__intercept__,0.03239788749995845
73,sample_avg_pairwise_correlation,-0.008550520413692171
73,sample_condition_number,-0.0006988014436723594
73,ledoit_wolf_condition_number,-0.011392810917034172
73,rmt_condition_number,-0.002139079900284233
73,ledoit_wolf_to_sample_condition_ratio,0.0018942141050081755
73,rmt_to_sample_condition_ratio,0.00647861613227946
73,trailing_realized_volatility,0.05462520104098554
73,__intercept__,0.03210722146400871
74,sample_avg_pairwise_correlation,-0.008631521101957501
74,sample_condition_number,-0.0006952669503289129
74,ledoit_wolf_condition_number,-0.011389828362880218
74,rmt_condition_number,-0.0020854753517190686
74,ledoit_wolf_to_sample_condition_ratio,0.0019125959324255246
74,rmt_to_sample_condition_ratio,0.006390265324227559
74,trailing_realized_volatility,0.0543782052356105
74,__intercept__,0.03178933736107082
75,sample_avg_pairwise_correlation,-0.008572019422121376
75,sample_condition_number,-0.0007769096138952482
75,ledoit_wolf_condition_number,-0.01134422352445939
75,rmt_condition_number,-0.002095975969742311
75,ledoit_wolf_to_sample_condition_ratio,0.0018462142706173691
75,rmt_to_sample_condition_ratio,0.0063286194228777065
75,trailing_realized_volatility,0.05419317699443608
75,__intercept__,0.03148720169993953
76,sample_avg_pairwise_correlation,-0.008571244945375379
76,sample_condition_number,-0.0008667605632530635
76,ledoit_wolf_condition_number,-0.011287972163306905
76,rmt_condition_number,-0.0020663820849401273
76,ledoit_wolf_to_sample_condition_ratio,0.0018001142161876336
76,rmt_to_sample_condition_ratio,0.0062104298408202805
76,trailing_realized_volatility,0.05398246192483678
76,__intercept__,0.03125826159776272
77,sample_avg_pairwise_correlation,-0.008733671450774515
77,sample_condition_number,-0.001196099632524558
77,ledoit_wolf_condition_number,-0.01080004841085594
77,rmt_condition_number,-0.002289186920356979
77,ledoit_wolf_to_sample_condition_ratio,0.0015975417151743157
77,rmt_to_sample_condition_ratio,0.0062324770886213274
77,trailing_realized_volatility,0.05360774228748985
77,__intercept__,0.031207979955306296
78,sample_avg_pairwise_correlation,-0.008492396888030959
78,sample_condition_number,-0.0008587273297417562
78,ledoit_wolf_condition_number,-0.010167016071981843
78,rmt_condition_number,-0.0037911967757987574
78,ledoit_wolf_to_sample_condition_ratio,0.001245750346239587
78,rmt_to_sample_condition_ratio,0.00732492094744438
78,trailing_realized_volatility,0.053286396459499945
78,__intercept__,0.031001058963934854
79,sample_avg_pairwise_correlation,-0.008449165878899998
79,sample_condition_number,-0.0008099540784372198
79,ledoit_wolf_condition_number,-0.01014308996442115
79,rmt_condition_number,-0.003792682470331779
79,ledoit_wolf_to_sample_condition_ratio,0.001257399915571642
79,rmt_to_sample_condition_ratio,0.007306831237022019
79,trailing_realized_volatility,0.05301355006200437
79,__intercept__,0.03074881743262157
80,sample_avg_pairwise_correlation,-0.008496230005333923
80,sample_condition_number,-0.0009697724468262461
80,ledoit_wolf_condition_number,-0.01000383461680608
80,rmt_condition_number,-0.0035489546733348553
80,ledoit_wolf_to_sample_condition_ratio,0.0012617379350582496
80,rmt_to_sample_condition_ratio,0.007018278193887652
80,trailing_realized_volatility,0.052659385524760065
80,__intercept__,0.03055599971750978
81,sample_avg_pairwise_correlation,-0.008448928647820327
81,sample_condition_number,-0.0009473098861254032
81,ledoit_wolf_condition_number,-0.009934922018986755
81,rmt_condition_number,-0.0035824991712618414
81,ledoit_wolf_to_sample_condition_ratio,0.0012381756534170388
81,rmt_to_sample_condition_ratio,0.007070321432404951
81,trailing_realized_volatility,0.05239168703026183
81,__intercept__,0.030404853236299618
82,sample_avg_pairwise_correlation,-0.008362642954245162
82,sample_condition_number,-0.0008167146960274384
82,ledoit_wolf_condition_number,-0.009846196477575609
82,rmt_condition_number,-0.0037064871257323877
82,ledoit_wolf_to_sample_condition_ratio,0.0011418713149574386
82,rmt_to_sample_condition_ratio,0.007327502182267727
82,trailing_realized_volatility,0.05211983098506444
82,__intercept__,0.030283420611273995
83,sample_avg_pairwise_correlation,-0.008173804726337275
83,sample_condition_number,-0.0006300126984064736
83,ledoit_wolf_condition_number,-0.009412250359509813
83,rmt_condition_number,-0.004213128983664696
83,ledoit_wolf_to_sample_condition_ratio,0.0004835935387901967
83,rmt_to_sample_condition_ratio,0.00816898210057037
83,trailing_realized_volatility,0.05188419534012254
83,__intercept__,0.030083148032289
84,sample_avg_pairwise_correlation,-0.008102238131833878
84,sample_condition_number,-0.000520360643281571
84,ledoit_wolf_condition_number,-0.009396393596778399
84,rmt_condition_number,-0.0043410034964952065
84,ledoit_wolf_to_sample_condition_ratio,0.00034671653240446075
84,rmt_to_sample_condition_ratio,0.008343853998926164
84,trailing_realized_volatility,0.05171892316311457
84,__intercept__,0.02984146484932192
85,sample_avg_pairwise_correlation,-0.008036775499756734
85,sample_condition_number,-0.0004236740130169695
85,ledoit_wolf_condition_number,-0.009363801005366485
85,rmt_condition_number,-0.004413515239199571
85,ledoit_wolf_to_sample_condition_ratio,0.00028497610847967933
85,rmt_to_sample_condition_ratio,0.008458475846889461
85,trailing_realized_volatility,0.05157768296271684
85,__intercept__,0.029585110372729043
86,sample_avg_pairwise_correlation,-0.008041319781797746
86,sample_condition_number,-0.00039283573308623946
86,ledoit_wolf_condition_number,-0.009331780677566346
86,rmt_condition_number,-0.00443014269349001
86,ledoit_wolf_to_sample_condition_ratio,0.00028189073036431685
86,rmt_to_sample_condition_ratio,0.008477144704808827
86,trailing_realized_volatility,0.051426923971037056
86,__intercept__,0.02935231731048432
87,sample_avg_pairwise_correlation,-0.008108339279907962
87,sample_condition_number,-0.0013005557351705417
87,ledoit_wolf_condition_number,-0.008542900334934603
87,rmt_condition_number,-0.004326106535008233
87,ledoit_wolf_to_sample_condition_ratio,-0.000186006648430658
87,rmt_to_sample_condition_ratio,0.008370820758254752
87,trailing_realized_volatility,0.05120747897729908
87,__intercept__,0.02917132495433568
88,sample_avg_pairwise_correlation,-0.007921864530450028
88,sample_condition_number,-0.0029912815707121222
88,ledoit_wolf_condition_number,-0.007028174415537405
88,rmt_condition_number,-0.004017383487253071
88,ledoit_wolf_to_sample_condition_ratio,-0.0008298892818293919
88,rmt_to_sample_condition_ratio,0.008433754963773214
88,trailing_realized_volatility,0.05094309525695436
88,__intercept__,0.028905232607881484
89,sample_avg_pairwise_correlation,-0.008170572343729964
89,sample_condition_number,-0.0023009221926373366
89,ledoit_wolf_condition_number,-0.007729444128958688
89,rmt_condition_number,-0.004167624181969774
89,ledoit_wolf_to_sample_condition_ratio,-0.000713017719463703
89,rmt_to_sample_condition_ratio,0.00832633326700181
89,trailing_realized_volatility,0.050813776106503214
89,__intercept__,0.02874413786702475
90,sample_avg_pairwise_correlation,-0.00830943155115414
90,sample_condition_number,-0.0024363940102307296
90,ledoit_wolf_condition_number,-0.007530607603059273
90,rmt_condition_number,-0.0041284379659243245
90,ledoit_wolf_to_sample_condition_ratio,-0.0007775848893720933
90,rmt_to_sample_condition_ratio,0.008365901581498594
90,trailing_realized_volatility,0.05052163394093981
90,__intercept__,0.028555249354209115
91,sample_avg_pairwise_correlation,-0.008118651456966074
91,sample_condition_number,-0.002159347629149877
91,ledoit_wolf_condition_number,-0.007913772533683222
91,rmt_condition_number,-0.00411989114502471
91,ledoit_wolf_to_sample_condition_ratio,-0.0006591708420329443
91,rmt_to_sample_condition_ratio,0.00831475301848951
91,trailing_realized_volatility,0.05033654843669769
91,__intercept__,0.028355070591618126
92,sample_avg_pairwise_correlation,-0.008030536171675243
92,sample_condition_number,-0.002105637620710395
92,ledoit_wolf_condition_number,-0.008009521860254875
92,rmt_condition_number,-0.0041083722600116545
92,ledoit_wolf_to_sample_condition_ratio,-0.0006378352427534421
92,rmt_to_sample_condition_ratio,0.008282991807239196
92,trailing_realized_volatility,0.05014372265827406
92,__intercept__,0.02815461899536039
93,sample_avg_pairwise_correlation,-0.007962109805899608
93,sample_condition_number,-0.0016828754205840935
93,ledoit_wolf_condition_number,-0.008462137831802543
93,rmt_condition_number,-0.003749303600784526
93,ledoit_wolf_to_sample_condition_ratio,-6.96983790884996e-05
93,rmt_to_sample_condition_ratio,0.0079933762890023
93,trailing_realized_volatility,0.049914076338559064
93,__intercept__,0.027925718917793475
94,sample_avg_pairwise_correlation,-0.007814463929862202
94,sample_condition_number,-0.0012414994803501775
94,ledoit_wolf_condition_number,-0.00911044262492522
94,rmt_condition_number,-0.003274849894406619
94,ledoit_wolf_to_sample_condition_ratio,0.0006317492476536652
94,rmt_to_sample_condition_ratio,0.007559221723475768
94,trailing_realized_volatility,0.049808966880456516
94,__intercept__,0.027683456862274518
95,sample_avg_pairwise_correlation,-0.007782104547636125
95,sample_condition_number,-0.0013744710269227435
95,ledoit_wolf_condition_number,-0.009611340530500029
95,rmt_condition_number,-0.002558629722263007
95,ledoit_wolf_to_sample_condition_ratio,0.0011092858393690027
95,rmt_to_sample_condition_ratio,0.006791439586361858
95,trailing_realized_volatility,0.04981538812686566
95,__intercept__,0.027474470066422257
96,sample_avg_pairwise_correlation,-0.0076905031197446
96,sample_condition_number,-0.001102784899061669
96,ledoit_wolf_condition_number,-0.010016772631015806
96,rmt_condition_number,-0.002232524927203159
96,ledoit_wolf_to_sample_condition_ratio,0.0015713815948377452
96,rmt_to_sample_condition_ratio,0.0064617343076469975
96,trailing_realized_volatility,0.04967218586121967
96,__intercept__,0.027243182103083238
97,sample_avg_pairwise_correlation,-0.0076552339685188415
97,sample_condition_number,-0.0010760495366764833
97,ledoit_wolf_condition_number,-0.010065535787203548
97,rmt_condition_number,-0.0021891444133755214
97,ledoit_wolf_to_sample_condition_ratio,0.00161551530022182
97,rmt_to_sample_condition_ratio,0.006401755052607603
97,trailing_realized_volatility,0.04960062398030192
97,__intercept__,0.027017491920377945
98,sample_avg_pairwise_correlation,-0.007579974480914907
98,sample_condition_number,-0.0009372201814193248
98,ledoit_wolf_condition_number,-0.010277215659260045
98,rmt_condition_number,-0.002063647579220868
98,ledoit_wolf_to_sample_condition_ratio,0.0018240518821258267
98,rmt_to_sample_condition_ratio,0.0062688528913763105
98,trailing_realized_volatility,0.049535381065005164
98,__intercept__,0.02679981954533477
99,sample_avg_pairwise_correlation,-0.0073425940611604925
99,sample_condition_number,-0.0005185407597151743
99,ledoit_wolf_condition_number,-0.010995312098930411
99,rmt_condition_number,-0.0016276057350282109
99,ledoit_wolf_to_sample_condition_ratio,0.002517293240398882
99,rmt_to_sample_condition_ratio,0.0058450049743537374
99,trailing_realized_volatility,0.04949402980627844
99,__intercept__,0.026601949942152838
100,sample_avg_pairwise_correlation,-0.00719607418900892
100,sample_condition_number,-0.0001987011832338426
100,ledoit_wolf_condition_number,-0.011457567593546178
100,rmt_condition_number,-0.0013386457106042248
100,ledoit_wolf_to_sample_condition_ratio,0.0030053551729184143
100,rmt_to_sample_condition_ratio,0.005557904269125711
100,trailing_realized_volatility,0.049360455976667515
100,__intercept__,0.02639279704057429
101,sample_avg_pairwise_correlation,-0.007158697263404924
101,sample_condition_number,-0.00015840147383838077
101,ledoit_wolf_condition_number,-0.011492454342333234
101,rmt_condition_number,-0.0013104779672455256
101,ledoit_wolf_to_sample_condition_ratio,0.0030404389449499828
101,rmt_to_sample_condition_ratio,0.005519278295733824
101,trailing_realized_volatility,0.04926977860199993
101,__intercept__,0.0261812057235879
102,sample_avg_pairwise_correlation,-0.007133958884271057
102,sample_condition_number,-0.00014892867548913725
102,ledoit_wolf_condition_number,-0.011478038859024754
102,rmt_condition_number,-0.0013008473409145457
102,ledoit_wolf_to_sample_condition_ratio,0.0030333769486848203
102,rmt_to_sample_condition_ratio,0.005509136825998261
102,trailing_realized_volatility,0.049198858778139905
102,__intercept__,0.02596164160920035
103,sample_avg_pairwise_correlation,-0.0071497859775051945
103,sample_condition_number,-0.000109465627142944
103,ledoit_wolf_condition_number,-0.01154739769494128
103,rmt_condition_number,-0.001267315751638952
103,ledoit_wolf_to_sample_condition_ratio,0.0030965570599207834
103,rmt_to_sample_condition_ratio,0.005472056193270603
103,trailing_realized_volatility,0.04919632179948548
103,__intercept__,0.025760033327586813
104,sample_avg_pairwise_correlation,-0.006990893505677265
104,sample_condition_number,-0.00012433644542299353
104,ledoit_wolf_condition_number,-0.012029521174171925
104,rmt_condition_number,-0.0006634884166908906
104,ledoit_wolf_to_sample_condition_ratio,0.0035347264335548476
104,rmt_to_sample_condition_ratio,0.004804858337267142
104,trailing_realized_volatility,0.04915225414222938
104,__intercept__,0.025564767125037715
105,sample_avg_pairwise_correlation,-0.006932837480652521
105,sample_condition_number,-0.000655855014578029
105,ledoit_wolf_condition_number,-0.012392216702903146
105,rmt_condition_number,0.0003557017418205025
105,ledoit_wolf_to_sample_condition_ratio,0.0038481044912662896
105,rmt_to_sample_condition_ratio,0.0036083806782117194
105,trailing_realized_volatility,0.04908031008315999
105,__intercept__,0.025380290012144393
106,sample_avg_pairwise_correlation,-0.006890460501572245
106,sample_condition_number,-0.0004283055436069348
106,ledoit_wolf_condition_number,-0.012461434937500399
106,rmt_condition_number,0.0001375746110301157
106,ledoit_wolf_to_sample_condition_ratio,0.0038882451891876784
106,rmt_to_sample_condition_ratio,0.0039202502380980804
106,trailing_realized_volatility,0.048960088387417465
106,__intercept__,0.02537480787559464
107,sample_avg_pairwise_correlation,-0.007342231432189359
107,sample_condition_number,-0.00044356841669034237
107,ledoit_wolf_condition_number,-0.012349584932596306
107,rmt_condition_number,0.0001625325366898104
107,ledoit_wolf_to_sample_condition_ratio,0.004089873250485938
107,rmt_to_sample_condition_ratio,0.0034918168298561053
107,trailing_realized_volatility,0.04855341412917495
107,__intercept__,0.025273828053165096
108,sample_avg_pairwise_correlation,-0.007367635239861594
108,sample_condition_number,-0.0004239815941844811
108,ledoit_wolf_condition_number,-0.01231294477249081
108,rmt_condition_number,0.000145263506007144
108,ledoit_wolf_to_sample_condition_ratio,0.00407581548646667
108,rmt_to_sample_condition_ratio,0.0035091284092549475
108,trailing_realized_volatility,0.04835085619735985
108,__intercept__,0.025173420992341784
109,sample_avg_pairwise_correlation,-0.007342405287933003
109,sample_condition_number,-0.0004845421072167283
109,ledoit_wolf_condition_number,-0.01223795792547977
109,rmt_condition_number,0.00024859370226974076
109,ledoit_wolf_to_sample_condition_ratio,0.0040527474489957934
109,rmt_to_sample_condition_ratio,0.0034498054637021043
109,trailing_realized_volatility,0.04808952161835535
109,__intercept__,0.02501510324003472
110,sample_avg_pairwise_correlation,-0.007289190605293754
110,sample_condition_number,-0.000606826753269572
110,ledoit_wolf_condition_number,-0.012130815330002551
110,rmt_condition_number,0.0005991077816467628
110,ledoit_wolf_to_sample_condition_ratio,0.004093656644503692
110,rmt_to_sample_condition_ratio,0.003272239193238777
110,trailing_realized_volatility,0.047772572227169775
110,__intercept__,0.024839032608672172
111,sample_avg_pairwise_correlation,-0.0072673003188215065
111,sample_condition_number,-0.000511539300380723
111,ledoit_wolf_condition_number,-0.012372735033395118
111,rmt_condition_number,0.0012118909948052824
111,ledoit_wolf_to_sample_condition_ratio,0.0043223181822665295
111,rmt_to_sample_condition_ratio,0.002930320591642842
111,trailing_realized_volatility,0.047472416136602934
111,__intercept__,0.024673642168156918
112,sample_avg_pairwise_correlation,-0.007236809298326458
112,sample_condition_number,-0.0005079530593957526
112,ledoit_wolf_condition_number,-0.012326365490113822
112,rmt_condition_number,0.001218583908969251
112,ledoit_wolf_to_sample_condition_ratio,0.004309826503170748
112,rmt_to_sample_condition_ratio,0.002945666410282828
112,trailing_realized_volatility,0.04734274174345937
112,__intercept__,0.02450779154780296
113,sample_avg_pairwise_correlation,-0.007202874588072404
113,sample_condition_number,-0.00047417853813470597
113,ledoit_wolf_condition_number,-0.012283001814568003
113,rmt_condition_number,0.001157029235005773
113,ledoit_wolf_to_sample_condition_ratio,0.004297397512310235
113,rmt_to_sample_condition_ratio,0.0029896019171790273
113,trailing_realized_volatility,0.04724275646895458
113,__intercept__,0.02434233711131945
114,sample_avg_pairwise_correlation,-0.007179222950895286
114,sample_condition_number,-0.0005177104462245994
114,ledoit_wolf_condition_number,-0.01228564804052091
114,rmt_condition_number,0.0014617806939683127
114,ledoit_wolf_to_sample_condition_ratio,0.004314548972374451
114,rmt_to_sample_condition_ratio,0.002960051337661022
114,trailing_realized_volatility,0.04707235556400986
114,__intercept__,0.02424996387497685
115,sample_avg_pairwise_correlation,-0.0071477262044428854
115,sample_condition_number,-0.0007986841483005912
115,ledoit_wolf_condition_number,-0.011754014310265955
115,rmt_condition_number,0.001203100686439524
115,ledoit_wolf_to_sample_condition_ratio,0.004043953471568955
115,rmt_to_sample_condition_ratio,0.0032031170516141857
115,trailing_realized_volatility,0.0468647176848351
115,__intercept__,0.024203126166290265
116,sample_avg_pairwise_correlation,-0.007118612113251274
116,sample_condition_number,-0.000979971803270806
116,ledoit_wolf_condition_number,-0.01136143599031295
116,rmt_condition_number,0.0009285860385839306
116,ledoit_wolf_to_sample_condition_ratio,0.0038309933273322013
116,rmt_to_sample_condition_ratio,0.003393621032137066
116,trailing_realized_volatility,0.04667018019750423
116,__intercept__,0.024179604265948933
117,sample_avg_pairwise_correlation,-0.007032901575827747
117,sample_condition_number,-0.0007805600969194215
117,ledoit_wolf_condition_number,-0.011545215789866106
117,rmt_condition_number,0.0007967283809032902
117,ledoit_wolf_to_sample_condition_ratio,0.003873812028505172
117,rmt_to_sample_condition_ratio,0.003480062216747386
117,trailing_realized_volatility,0.046508816830585484
117,__intercept__,0.02414955193205008
118,sample_avg_pairwise_correlation,-0.006769963901732424
118,sample_condition_number,-0.00018565751593396318
118,ledoit_wolf_condition_number,-0.012105769688921526
118,rmt_condition_number,0.00044471241539414263
118,ledoit_wolf_to_sample_condition_ratio,0.004014468431204431
118,rmt_to_sample_condition_ratio,0.003757425938340157
118,trailing_realized_volatility,0.04643169876657356
118,__intercept__,0.024008838314666665
119,sample_avg_pairwise_correlation,-0.0067753509126239325
119,sample_condition_number,-0.00022207954741320884
119,ledoit_wolf_condition_number,-0.01203804086825452
119,rmt_condition_number,0.0004633821009398149
119,ledoit_wolf_to_sample_condition_ratio,0.00398411278408256
119,rmt_to_sample_condition_ratio,0.003719122357985349
119,trailing_realized_volatility,0.04629103675420737
119,__intercept__,0.023865114191563737
120,sample_avg_pairwise_correlation,-0.006744687148975515
120,sample_condition_number,-0.0001997293156957635
120,ledoit_wolf_condition_number,-0.012009260764244143
120,rmt_condition_number,0.00045708983128981177
120,ledoit_wolf_to_sample_condition_ratio,0.003988018943111205
120,rmt_to_sample_condition_ratio,0.003717459403858682
120,trailing_realized_volatility,0.046166225707200574
120,__intercept__,0.023713742062671083
121,sample_avg_pairwise_correlation,-0.00672018107496693
121,sample_condition_number,-0.00021459934976883688
121,ledoit_wolf_condition_number,-0.011950739368526994
121,rmt_condition_number,0.00043662134474876365
121,ledoit_wolf_to_sample_condition_ratio,0.003938802455342959
121,rmt_to_sample_condition_ratio,0.003757747015546803
121,trailing_realized_volatility,0.04605802420287389
121,__intercept__,0.023595596843191114
122,sample_avg_pairwise_correlation,-0.006653142340896093
122,sample_condition_number,-0.0001247018413691296
122,ledoit_wolf_condition_number,-0.011936865175733094
122,rmt_condition_number,0.0003200737226162492
122,ledoit_wolf_to_sample_condition_ratio,0.003991644027161597
122,rmt_to_sample_condition_ratio,0.003824887486671691
122,trailing_realized_volatility,0.04592329035034522
122,__intercept__,0.023467238284584982
123,sample_avg_pairwise_correlation,-0.0066263672255765
123,sample_condition_number,-9.441085113041022e-05
123,ledoit_wolf_condition_number,-0.01192005004938341
123,rmt_condition_number,0.0003001681128479019
123,ledoit_wolf_to_sample_condition_ratio,0.004008098924857306
123,rmt_to_sample_condition_ratio,0.003837794405561715
123,trailing_realized_volatility,0.045798416142763664
123,__intercept__,0.023335585841486567
124,sample_avg_pairwise_correlation,-0.006641853814473997
124,sample_condition_number,-0.00019416360592256485
124,ledoit_wolf_condition_number,-0.011887633793265443
124,rmt_condition_number,0.0003421843524819212
124,ledoit_wolf_to_sample_condition_ratio,0.0039206598432825245
124,rmt_to_sample_condition_ratio,0.003700203941505676
124,trailing_realized_volatility,0.04565488195097799
124,__intercept__,0.023259119837382092
125,sample_avg_pairwise_correlation,-0.006559586871000544
125,sample_condition_number,-0.00017688693325030225
125,ledoit_wolf_condition_number,-0.0117428691750929
125,rmt_condition_number,0.00021585348766640748
125,ledoit_wolf_to_sample_condition_ratio,0.003946701415779706
125,rmt_to_sample_condition_ratio,0.0038655659390249733
125,trailing_realized_volatility,0.045471398667026486
125,__intercept__,0.023127833382856275
126,sample_avg_pairwise_correlation,-0.0065629286998470605
126,sample_condition_number,-0.00011381646436327657
126,ledoit_wolf_condition_number,-0.011806472354106902
126,rmt_condition_number,0.0003475106260931639
126,ledoit_wolf_to_sample_condition_ratio,0.004009591777517178
126,rmt_to_sample_condition_ratio,0.0037579314664849222
126,trailing_realized_volatility,0.04531150783511951
126,__intercept__,0.022991056719528207
127,sample_avg_pairwise_correlation,-0.006626502983782709
127,sample_condition_number,7.069462246176633e-05
127,ledoit_wolf_condition_number,-0.012002263050629553
127,rmt_condition_number,0.0006428760716425597
127,ledoit_wolf_to_sample_condition_ratio,0.004187148831683709
127,rmt_to_sample_condition_ratio,0.0035505830428049787
127,trailing_realized_volatility,0.045103262803145604
127,__intercept__,0.022841298823219905
128,sample_avg_pairwise_correlation,-0.006697588917524928
128,sample_condition_number,4.401275739108489e-05
128,ledoit_wolf_condition_number,-0.011971228422572146
128,rmt_condition_number,0.0007367744066860036
128,ledoit_wolf_to_sample_condition_ratio,0.004184167665416711
128,rmt_to_sample_condition_ratio,0.0034706204284229375
128,trailing_realized_volatility,0.04501989533389656
128,__intercept__,0.022695735086264508
129,sample_avg_pairwise_correlation,-0.006712985225111264
129,sample_condition_number,6.008141941627319e-05
129,ledoit_wolf_condition_number,-0.011963090931872063
129,rmt_condition_number,0.000733411492253454
129,ledoit_wolf_to_sample_condition_ratio,0.004182240481761597
129,rmt_to_sample_condition_ratio,0.0034568835987161587
129,trailing_realized_volatility,0.04497424700125717
129,__intercept__,0.0225549564819221
130,sample_avg_pairwise_correlation,-0.006853564272347674
130,sample_condition_number,-1.3031670023786329e-05
130,ledoit_wolf_condition_number,-0.01192863436115679
130,rmt_condition_number,0.0007824106074010295
130,ledoit_wolf_to_sample_condition_ratio,0.004135960747205597
130,rmt_to_sample_condition_ratio,0.003364456351719293
130,trailing_realized_volatility,0.044909235672179325
130,__intercept__,0.022492599638571614
131,sample_avg_pairwise_correlation,-0.009543217366400132
131,sample_condition_number,0.007102393300058698
131,ledoit_wolf_condition_number,-0.020419320626335634
131,rmt_condition_number,0.002832594398197794
131,ledoit_wolf_to_sample_condition_ratio,0.008119745751294734
131,rmt_to_sample_condition_ratio,0.0009760278609845277
131,trailing_realized_volatility,0.045373083226618385
131,__intercept__,0.02443800667558357
132,sample_avg_pairwise_correlation,-0.010901784443140213
132,sample_condition_number,0.000518919052780425
132,ledoit_wolf_condition_number,-0.015064943107348244
132,rmt_condition_number,0.005447646757576427
132,ledoit_wolf_to_sample_condition_ratio,0.005649838010092354
132,rmt_to_sample_condition_ratio,-0.0017550249124020647
132,trailing_realized_volatility,0.04542877266326837
132,__intercept__,0.025464779522680402
133,sample_avg_pairwise_correlation,-0.01160818010098194
133,sample_condition_number,-0.00161541141621379
133,ledoit_wolf_condition_number,-0.013867269016457117
133,rmt_condition_number,0.006849030529953062
133,ledoit_wolf_to_sample_condition_ratio,0.00584480386882427
133,rmt_to_sample_condition_ratio,-0.0027502076641017005
133,trailing_realized_volatility,0.04483957636592002
133,__intercept__,0.02552867779440113
134,sample_avg_pairwise_correlation,-0.01151223848606663
134,sample_condition_number,-0.0011457451200400472
134,ledoit_wolf_condition_number,-0.01377805855446618
134,rmt_condition_number,0.0064624947479408335
134,ledoit_wolf_to_sample_condition_ratio,0.005760417306634727
134,rmt_to_sample_condition_ratio,-0.0024903139476238
134,trailing_realized_volatility,0.04463220872608941
134,__intercept__,0.025594763888201876
135,sample_avg_pairwise_correlation,-0.011453815904143133
135,sample_condition_number,-0.0012472177304519135
135,ledoit_wolf_condition_number,-0.01395577788018442
135,rmt_condition_number,0.006709466068701336
135,ledoit_wolf_to_sample_condition_ratio,0.00592004414160132
135,rmt_to_sample_condition_ratio,-0.002623716639164046
135,trailing_realized_volatility,0.04454189019547505
135,__intercept__,0.02552913017478434
136,sample_avg_pairwise_correlation,-0.011343173998330451
136,sample_condition_number,-0.0012387474613500336
136,ledoit_wolf_condition_number,-0.013987591186029312
136,rmt_condition_number,0.006738335175508252
136,ledoit_wolf_to_sample_condition_ratio,0.005993319589608642
136,rmt_to_sample_condition_ratio,-0.002563803252309778
136,trailing_realized_volatility,0.04441515712722596
136,__intercept__,0.025425864584579006
137,sample_avg_pairwise_correlation,-0.011304938684552712
137,sample_condition_number,-0.0012392864275864563
137,ledoit_wolf_condition_number,-0.013985045396087492
137,rmt_condition_number,0.00671599454096533
137,ledoit_wolf_to_sample_condition_ratio,0.006010785038025032
137,rmt_to_sample_condition_ratio,-0.002556674894911446
137,trailing_realized_volatility,0.044279376983167265
137,__intercept__,0.025400587609412606
138,sample_avg_pairwise_correlation,-0.011349113133432075
138,sample_condition_number,-0.0010742566364667426
138,ledoit_wolf_condition_number,-0.01390757108770667
138,rmt_condition_number,0.006659994367686848
138,ledoit_wolf_to_sample_condition_ratio,0.006054555363430541
138,rmt_to_sample_condition_ratio,-0.0025091434170652345
138,trailing_realized_volatility,0.04402174627835661
138,__intercept__,0.02534339749142859
139,sample_avg_pairwise_correlation,-0.011355169454219372
139,sample_condition_number,-0.0010635741090507138
139,ledoit_wolf_condition_number,-0.013864092079718813
139,rmt_condition_number,0.0066521137192464466
139,ledoit_wolf_to_sample_condition_ratio,0.006040513275505939
139,rmt_to_sample_condition_ratio,-0.0025068349277846953
139,trailing_realized_volatility,0.043864661129879086
139,__intercept__,0.025305343301505252
140,sample_avg_pairwise_correlation,-0.011470412000193431
140,sample_condition_number,-0.0010075474746216015
140,ledoit_wolf_condition_number,-0.013813159325953934
140,rmt_condition_number,0.006561647970883574
140,ledoit_wolf_to_sample_condition_ratio,0.006004437165056091
140,rmt_to_sample_condition_ratio,-0.0024794679778847306
140,trailing_realized_volatility,0.04370790854952463
140,__intercept__,0.02518718210753373
141,sample_avg_pairwise_correlation,-0.0114334855769513
141,sample_condition_number,-0.0010163326137885079
141,ledoit_wolf_condition_number,-0.013777695762959412
141,rmt_condition_number,0.006553480138641945
141,ledoit_wolf_to_sample_condition_ratio,0.00597923363906869
141,rmt_to_sample_condition_ratio,-0.0024723672347975413
141,trailing_realized_volatility,0.04358400277230678
141,__intercept__,0.02507501835974198
142,sample_avg_pairwise_correlation,-0.011399072052491134
142,sample_condition_number,-0.0009939012274412075
142,ledoit_wolf_condition_number,-0.013814711889780703
142,rmt_condition_number,0.006568866257747594
142,ledoit_wolf_to_sample_condition_ratio,0.006044111996439437
142,rmt_to_sample_condition_ratio,-0.00253810712027972
142,trailing_realized_volatility,0.04344853717494312
142,__intercept__,0.025005207257829204
143,sample_avg_pairwise_correlation,-0.011396305074228296
143,sample_condition_number,-0.0009404528719181835
143,ledoit_wolf_condition_number,-0.013833502525833503
143,rmt_condition_number,0.006569425085228353
143,ledoit_wolf_to_sample_condition_ratio,0.006161142410536927
143,rmt_to_sample_condition_ratio,-0.002663847491219341
143,trailing_realized_volatility,0.0432673344037291
143,__intercept__,0.024991427774037008
144,sample_avg_pairwise_correlation,-0.011590440034946668
144,sample_condition_number,-0.0008268939629024819
144,ledoit_wolf_condition_number,-0.01375107153234529
144,rmt_condition_number,0.006398756521180147
144,ledoit_wolf_to_sample_condition_ratio,0.006172966023409911
144,rmt_to_sample_condition_ratio,-0.002714331832526667
144,trailing_realized_volatility,0.04305017115320291
144,__intercept__,0.02489442887323551
145,sample_avg_pairwise_correlation,-0.011438462595890946
145,sample_condition_number,-0.0008295969467988923
145,ledoit_wolf_condition_number,-0.01374235230216287
145,rmt_condition_number,0.006618007886731631
145,ledoit_wolf_to_sample_condition_ratio,0.00621898002107635
145,rmt_to_sample_condition_ratio,-0.0026934856600826346
145,trailing_realized_volatility,0.042855733411183004
145,__intercept__,0.024817216769680073
146,sample_avg_pairwise_correlation,-0.011481278343411503
146,sample_condition_number,-0.0008319914015158008
146,ledoit_wolf_condition_number,-0.013717285602995302
146,rmt_condition_number,0.006749929284230843
146,ledoit_wolf_to_sample_condition_ratio,0.006230382129189004
146,rmt_to_sample_condition_ratio,-0.0026857280345656525
146,trailing_realized_volatility,0.04270107445499209
146,__intercept__,0.024698982249092064
147,sample_avg_pairwise_correlation,-0.011463163507191818
147,sample_condition_number,-0.000809513900333955
147,ledoit_wolf_condition_number,-0.013788979484729926
147,rmt_condition_number,0.007088649146184992
147,ledoit_wolf_to_sample_condition_ratio,0.006299830564897441
147,rmt_to_sample_condition_ratio,-0.0027418233733514964
147,trailing_realized_volatility,0.04257150080737732
147,__intercept__,0.02457240122324995
148,sample_avg_pairwise_correlation,-0.011448711103007768
148,sample_condition_number,-0.0007932922755311511
148,ledoit_wolf_condition_number,-0.013790548657966948
148,rmt_condition_number,0.007219154906188214
148,ledoit_wolf_to_sample_condition_ratio,0.006347494664524735
148,rmt_to_sample_condition_ratio,-0.002756061199050388
148,trailing_realized_volatility,0.042476091374085805
148,__intercept__,0.024447954074231365
149,sample_avg_pairwise_correlation,-0.011378321119564687
149,sample_condition_number,-0.0007559109737734596
149,ledoit_wolf_condition_number,-0.013702494858763098
149,rmt_condition_number,0.007085673277964246
149,ledoit_wolf_to_sample_condition_ratio,0.006388155885067166
149,rmt_to_sample_condition_ratio,-0.002654485262749274
149,trailing_realized_volatility,0.042393991596546665
149,__intercept__,0.02433603335567364
150,sample_avg_pairwise_correlation,-0.011297552072887814
150,sample_condition_number,-0.0007335437603828817
150,ledoit_wolf_condition_number,-0.01354886038752551
150,rmt_condition_number,0.006885585685847099
150,ledoit_wolf_to_sample_condition_ratio,0.006387869816923587
150,rmt_to_sample_condition_ratio,-0.0024865387009995266
150,trailing_realized_volatility,0.04229930441469202
150,__intercept__,0.02423119586914914
151,sample_avg_pairwise_correlation,-0.011248272988998331
151,sample_condition_number,-0.0007010223354649876
151,ledoit_wolf_condition_number,-0.013450901735974971
151,rmt_condition_number,0.006760014187207341
151,ledoit_wolf_to_sample_condition_ratio,0.006414209016689935
151,rmt_to_sample_condition_ratio,-0.0023756706336482032
151,trailing_realized_volatility,0.042185164682228334
151,__intercept__,0.024114664356222015
152,sample_avg_pairwise_correlation,-0.011214841865185048
152,sample_condition_number,-0.0007140550469472391
152,ledoit_wolf_condition_number,-0.013431456199543727
152,rmt_condition_number,0.006740848793049836
152,ledoit_wolf_to_sample_condition_ratio,0.006375874891790254
152,rmt_to_sample_condition_ratio,-0.0023611913550160147
152,trailing_realized_volatility,0.04208624745480224
152,__intercept__,0.024046787567792265
153,sample_avg_pairwise_correlation,-0.01117349106134619
153,sample_condition_number,-0.0006476015913132412
153,ledoit_wolf_condition_number,-0.013400918948765677
153,rmt_condition_number,0.006667760490431557
153,ledoit_wolf_to_sample_condition_ratio,0.00640289606046897
153,rmt_to_sample_condition_ratio,-0.002338860848850094
153,trailing_realized_volatility,0.041937096254509754
153,__intercept__,0.023985905662547644
154,sample_avg_pairwise_correlation,-0.01114597679710789
154,sample_condition_number,-0.0006483119015520846
154,ledoit_wolf_condition_number,-0.013366257726327697
154,rmt_condition_number,0.0066813271116541026
154,ledoit_wolf_to_sample_condition_ratio,0.006385254345320154
154,rmt_to_sample_condition_ratio,-0.0023449552135688437
154,trailing_realized_volatility,0.04180700522351276
154,__intercept__,0.023963230098973488
155,sample_avg_pairwise_correlation,-0.011119273982119903
155,sample_condition_number,-0.0006468670406639681
155,ledoit_wolf_condition_number,-0.01337381344031663
155,rmt_condition_number,0.0066824642913769
155,ledoit_wolf_to_sample_condition_ratio,0.006410362068269814
155,rmt_to_sample_condition_ratio,-0.002339927101520432
155,trailing_realized_volatility,0.04168501710253397
155,__intercept__,0.02397651117290864
156,sample_avg_pairwise_correlation,-0.011107855110878346
156,sample_condition_number,-0.0005858886973561872
156,ledoit_wolf_condition_number,-0.01336888000060579
156,rmt_condition_number,0.006610350667281304
156,ledoit_wolf_to_sample_condition_ratio,0.006368544353047797
156,rmt_to_sample_condition_ratio,-0.002283030365222686
156,trailing_realized_volatility,0.041554564691447825
156,__intercept__,0.023972710524732672
157,sample_avg_pairwise_correlation,-0.011051563870340075
157,sample_condition_number,-0.0006851788595598214
157,ledoit_wolf_condition_number,-0.013344128608259362
157,rmt_condition_number,0.006671065922592478
157,ledoit_wolf_to_sample_condition_ratio,0.006476467768613521
157,rmt_to_sample_condition_ratio,-0.002467270452249189
157,trailing_realized_volatility,0.041447063712370204
157,__intercept__,0.02410150189537269
158,sample_avg_pairwise_correlation,-0.011032011846119828
158,sample_condition_number,-0.0007113617946769224
158,ledoit_wolf_condition_number,-0.013315198169799931
158,rmt_condition_number,0.0066497601414896
158,ledoit_wolf_to_sample_condition_ratio,0.006460806524283941
158,rmt_to_sample_condition_ratio,-0.0024826921199955954
158,trailing_realized_volatility,0.04144433293277444
158,__intercept__,0.02422668677497214
159,sample_avg_pairwise_correlation,-0.01115182825891489
159,sample_condition_number,-0.0006942448666552541
159,ledoit_wolf_condition_number,-0.013366560659554048
159,rmt_condition_number,0.006635903391879828
159,ledoit_wolf_to_sample_condition_ratio,0.006443136456744534
159,rmt_to_sample_condition_ratio,-0.0024829906176627708
159,trailing_realized_volatility,0.041417196185447334
159,__intercept__,0.02422133779834487
160,sample_avg_pairwise_correlation,-0.010951929487449658
160,sample_condition_number,-0.0006806153197856299
160,ledoit_wolf_condition_number,-0.013021927450189104
160,rmt_condition_number,0.00632914326206323
160,ledoit_wolf_to_sample_condition_ratio,0.006323887320503595
160,rmt_to_sample_condition_ratio,-0.0023570950313461492
160,trailing_realized_volatility,0.041145571800784105
160,__intercept__,0.02419916810068702
161,sample_avg_pairwise_correlation,-0.010499212773895816
161,sample_condition_number,-0.000611219121967589
161,ledoit_wolf_condition_number,-0.012722350197122662
161,rmt_condition_number,0.005871033178178691
161,ledoit_wolf_to_sample_condition_ratio,0.006097665452379069
161,rmt_to_sample_condition_ratio,-0.0022475694437826105
161,trailing_realized_volatility,0.04088895133542867
161,__intercept__,0.024259518194867356
162,sample_avg_pairwise_correlation,-0.010083330622313723
162,sample_condition_number,-0.0006776434292104984
162,ledoit_wolf_condition_number,-0.01257193962255218
162,rmt_condition_number,0.0056073032197166955
162,ledoit_wolf_to_sample_condition_ratio,0.005972385595294094
162,rmt_to_sample_condition_ratio,-0.002238065535088698
162,trailing_realized_volatility,0.04083668573873673
162,__intercept__,0.02438423604034194
163,sample_avg_pairwise_correlation,-0.009646473712212809
163,sample_condition_number,-0.000782816942248699
163,ledoit_wolf_condition_number,-0.01232847255060212
163,rmt_condition_number,0.005375032995957805
163,ledoit_wolf_to_sample_condition_ratio,0.00591317196491783
163,rmt_to_sample_condition_ratio,-0.002070075814546342
163,trailing_realized_volatility,0.0408699762638311
163,__intercept__,0.024522826558975568
164,sample_avg_pairwise_correlation,-0.00978353207675207
164,sample_condition_number,-0.0007627591291292781
164,ledoit_wolf_condition_number,-0.012217228716221502
164,rmt_condition_number,0.005255465032407357
164,ledoit_wolf_to_sample_condition_ratio,0.005861760032769366
164,rmt_to_sample_condition_ratio,-0.0019870476689752012
164,trailing_realized_volatility,0.04085557130934952
164,__intercept__,0.024540504280907177
165,sample_avg_pairwise_correlation,-0.009608154992145458
165,sample_condition_number,-0.0005670110207205337
165,ledoit_wolf_condition_number,-0.012269534473232592
165,rmt_condition_number,0.0050935725312029724
165,ledoit_wolf_to_sample_condition_ratio,0.00583369506896537
165,rmt_to_sample_condition_ratio,-0.0018860292230687182
165,trailing_realized_volatility,0.04071016018868443
165,__intercept__,0.024529900632692773
166,sample_avg_pairwise_correlation,-0.009537942192481247
166,sample_condition_number,-0.0004649418033406709
166,ledoit_wolf_condition_number,-0.012376507131099009
166,rmt_condition_number,0.0050325624593415465
166,ledoit_wolf_to_sample_condition_ratio,0.005836887426529164
166,rmt_to_sample_condition_ratio,-0.0018988875449370579
166,trailing_realized_volatility,0.04058834381601994
166,__intercept__,0.024485849224032595
167,sample_avg_pairwise_correlation,-0.009463767237628666
167,sample_condition_number,-0.0004903499044126247
167,ledoit_wolf_condition_number,-0.012463097355402837
167,rmt_condition_number,0.005084864055489051
167,ledoit_wolf_to_sample_condition_ratio,0.00596242688434366
167,rmt_to_sample_condition_ratio,-0.0020066490043833397
167,trailing_realized_volatility,0.040460502795298364
167,__intercept__,0.024424669960292696
168,sample_avg_pairwise_correlation,-0.009468878225507956
168,sample_condition_number,-0.0004885746395210299
168,ledoit_wolf_condition_number,-0.012435025808268923
168,rmt_condition_number,0.005092794967116067
168,ledoit_wolf_to_sample_condition_ratio,0.0059592158226411535
168,rmt_to_sample_condition_ratio,-0.002012211617466639
168,trailing_realized_volatility,0.04034896672197705
168,__intercept__,0.024328442135321728
169,sample_avg_pairwise_correlation,-0.009440997154864409
169,sample_condition_number,-0.00048423992063708005
169,ledoit_wolf_condition_number,-0.012399038924977403
169,rmt_condition_number,0.00509855473962486
169,ledoit_wolf_to_sample_condition_ratio,0.005943430613986262
169,rmt_to_sample_condition_ratio,-0.0020034420229703203
169,trailing_realized_volatility,0.04025962032094467
169,__intercept__,0.024239064769232738
170,sample_avg_pairwise_correlation,-0.009366047727318739
170,sample_condition_number,-0.0004146196547053228
170,ledoit_wolf_condition_number,-0.012308919675726024
170,rmt_condition_number,0.005045146170879646
170,ledoit_wolf_to_sample_condition_ratio,0.005882821501885068
170,rmt_to_sample_condition_ratio,-0.001842973251825247
170,trailing_realized_volatility,0.04016005765952926
170,__intercept__,0.024149687529175522
171,sample_avg_pairwise_correlation,-0.00930402833907519
171,sample_condition_number,-0.00035409082491240373
171,ledoit_wolf_condition_number,-0.01221257117508894
171,rmt_condition_number,0.00500205534675256
171,ledoit_wolf_to_sample_condition_ratio,0.005820766171270006
171,rmt_to_sample_condition_ratio,-0.0017057056551191857
171,trailing_realized_volatility,0.04005522592346509
171,__intercept__,0.024071134977172184
172,sample_avg_pairwise_correlation,-0.00929647598179339
172,sample_condition_number,-0.00032586526113793994
172,ledoit_wolf_condition_number,-0.01215503728479729
172,rmt_condition_number,0.004986851035283543
172,ledoit_wolf_to_sample_condition_ratio,0.0057854330660328385
172,rmt_to_sample_condition_ratio,-0.0016552138342719694
172,trailing_realized_volatility,0.039947479261336676
172,__intercept__,0.023993051934165753
173,sample_avg_pairwise_correlation,-0.00925728748774356
173,sample_condition_number,-0.00034288433232721415
173,ledoit_wolf_condition_number,-0.012182199239331918
173,rmt_condition_number,0.004999450254883107
173,ledoit_wolf_to_sample_condition_ratio,0.0058119448049323355
173,rmt_to_sample_condition_ratio,-0.001685201628976297
173,trailing_realized_volatility,0.039847488445315465
173,__intercept__,0.023917227343195863
174,sample_avg_pairwise_correlation,-0.00903335761592619
174,sample_condition_number,-0.00036898621038097465
174,ledoit_wolf_condition_number,-0.012259825210240442
174,rmt_condition_number,0.005035172997215745
174,ledoit_wolf_to_sample_condition_ratio,0.00591437548919439
174,rmt_to_sample_condition_ratio,-0.0017362251948577876
174,trailing_realized_volatility,0.03969246279986097
174,__intercept__,0.02386728526488416
175,sample_avg_pairwise_correlation,-0.008912039132655227
175,sample_condition_number,-0.0003324264738063985
175,ledoit_wolf_condition_number,-0.012267740828663855
175,rmt_condition_number,0.004999877711451447
175,ledoit_wolf_to_sample_condition_ratio,0.00588694840477423
175,rmt_to_sample_condition_ratio,-0.0017600434704561376
175,trailing_realized_volatility,0.03954986888556383
175,__intercept__,0.02384682832842922
176,sample_avg_pairwise_correlation,-0.008938059643963422
176,sample_condition_number,-0.0003391818677274115
176,ledoit_wolf_condition_number,-0.012239712549017043
176,rmt_condition_number,0.004991100516867699
176,ledoit_wolf_to_sample_condition_ratio,0.0058752173975786075
176,rmt_to_sample_condition_ratio,-0.0017672791140775738
176,trailing_realized_volatility,0.039445736756299477
176,__intercept__,0.023794132702608953
177,sample_avg_pairwise_correlation,-0.008893481767483056
177,sample_condition_number,-0.0003427886258140808
177,ledoit_wolf_condition_number,-0.012235678760805595
177,rmt_condition_number,0.004992896775407515
177,ledoit_wolf_to_sample_condition_ratio,0.0058535142430419925
177,rmt_to_sample_condition_ratio,-0.0017975296168928714
177,trailing_realized_volatility,0.03932822600310586
177,__intercept__,0.023724185254155032
178,sample_avg_pairwise_correlation,-0.008795463163103248
178,sample_condition_number,-0.000344839238193481
178,ledoit_wolf_condition_number,-0.01226393590069647
178,rmt_condition_number,0.005008761611301954
178,ledoit_wolf_to_sample_condition_ratio,0.00583000101499426
178,rmt_to_sample_condition_ratio,-0.001844158060461914
178,trailing_realized_volatility,0.03920301968663733
178,__intercept__,0.0236665298750807
179,sample_avg_pairwise_correlation,-0.008812108076432542
179,sample_condition_number,-0.00035205409255261187
179,ledoit_wolf_condition_number,-0.012249606616355
179,rmt_condition_number,0.005006521774320495
179,ledoit_wolf_to_sample_condition_ratio,0.0058168928702268825
179,rmt_to_sample_condition_ratio,-0.0018513886045833344
179,trailing_realized_volatility,0.03910145003949223
179,__intercept__,0.023579101022431416
180,sample_avg_pairwise_correlation,-0.008687689034353747
180,sample_condition_number,-0.0003784460624494489
180,ledoit_wolf_condition_number,-0.012236431684782596
180,rmt_condition_number,0.005020258220383294
180,ledoit_wolf_to_sample_condition_ratio,0.005793765195634585
180,rmt_to_sample_condition_ratio,-0.0018411379186096222
180,trailing_realized_volatility,0.038978099248124246
180,__intercept__,0.023520843464597912
181,sample_avg_pairwise_correlation,-0.008678144281271337
181,sample_condition_number,-0.00038017604036229724
181,ledoit_wolf_condition_number,-0.012222013943985035
181,rmt_condition_number,0.005026153981916712
181,ledoit_wolf_to_sample_condition_ratio,0.005787522156342689
181,rmt_to_sample_condition_ratio,-0.0018555005645819582
181,trailing_realized_volatility,0.038874763203099884
181,__intercept__,0.02345258955010018
182,sample_avg_pairwise_correlation,-0.00865154228221081
182,sample_condition_number,-0.0003758706355441776
182,ledoit_wolf_condition_number,-0.012221381079533085
182,rmt_condition_number,0.005038712071536877
182,ledoit_wolf_to_sample_condition_ratio,0.005781390336352674
182,rmt_to_sample_condition_ratio,-0.0018799570923332051
182,trailing_realized_volatility,0.0387685153765787
182,__intercept__,0.023367549781448102
183,sample_avg_pairwise_correlation,-0.008539093961615849
183,sample_condition_number,-0.00040028700764303745
183,ledoit_wolf_condition_number,-0.012254884971071278
183,rmt_condition_number,0.005062874400962263
183,ledoit_wolf_to_sample_condition_ratio,0.005738639482368683
183,rmt_to_sample_condition_ratio,-0.0019091042045221648
183,trailing_realized_volatility,0.03865970255336672
183,__intercept__,0.023307646740801307
184,sample_avg_pairwise_correlation,-0.00850880596569537
184,sample_condition_number,-0.00043028150038894065
184,ledoit_wolf_condition_number,-0.012206087528558486
184,rmt_condition_number,0.004992409543244122
184,ledoit_wolf_to_sample_condition_ratio,0.005666711398273903
184,rmt_to_sample_condition_ratio,-0.0018629322763658023
184,trailing_realized_volatility,0.03855241030442892
184,__intercept__,0.023283902768285788
185,sample_avg_pairwise_correlation,-0.008611802381741536
185,sample_condition_number,-0.00041664572157379913
185,ledoit_wolf_condition_number,-0.011822345499010308
185,rmt_condition_number,0.004565067359548287
185,ledoit_wolf_to_sample_condition_ratio,0.005500421810547141
185,rmt_to_sample_condition_ratio,-0.001535361594164785
185,trailing_realized_volatility,0.038390081049047536
185,__intercept__,0.02321580933513395
